,count,mean,std,variance,min,25%,median,75%,max
nodes,28.0,1498.1785714285713,505.6032007027315,255634.59656084658,484.0,1165.0,1520.0,1787.75,2511.0
edges,28.0,753.8214285714286,252.4571182613922,63734.59656084656,262.0,582.25,745.5,890.75,1243.0
branches,28.0,114.28571428571429,46.903255152658055,2199.9153439153442,36.0,81.75,108.5,142.5,217.0
connected_components,28.0,750.7857142857143,258.97538237687513,67068.24867724867,223.0,566.75,779.5,914.5,1285.0
density,28.0,0.000788450205707184,0.0004043270899946084,1.6348039570350815e-07,0.0003941224349912179,0.0005524319870156269,0.0006458281747945791,0.0008914661409364733,0.00224150026521568
total_length,28.0,13713.866567882707,2533.385725498325,6418043.234158673,8069.768537393144,12001.311446007943,14007.661607529815,15333.021437043568,17824.210306426707
mean_length,28.0,19.354471463809848,3.941206223438506,15.533106495670411,14.202270859657386,16.867715349616685,18.9447843332157,20.98913996449201,30.800643272492913
mean_angle,28.0,121.03106867488303,1.9940281407319265,3.976148226030823,118.11024811809568,119.68475685124747,120.65783241069377,122.09386736665363,126.0776114993418
mean_tortuosity,28.0,1.0800180562536588,0.012574137428911442,0.00015810893208115167,1.060831861393202,1.0689103658450088,1.078492478633109,1.0890051282286155,1.1021511574002703
fractal_dimension,28.0,1.6663105017140334,0.04860659564320416,0.0023626011400219534,1.5471335238308404,1.6419871597300721,1.6749402942018834,1.6962575889791511,1.7495635587067588
global_efficiency,28.0,0.0001530838158554921,5.507537591030041e-05,3.0332970316608985e-09,9.38284194093904e-05,0.00012013748631142547,0.0001431092545049116,0.0001629053900679968,0.00035066578901161093
