node_id,x,y,node_type,degree
0,424,108,endpoint,1
1,273,140,endpoint,1
2,615,144,endpoint,1
3,608,145,endpoint,1
4,281,148,endpoint,1
5,692,156,endpoint,1
6,287,157,endpoint,1
7,417,161,endpoint,1
8,698,174,endpoint,1
9,707,176,endpoint,1
10,692,181,endpoint,1
11,702,188,endpoint,1
12,282,192,endpoint,1
13,413,193,endpoint,1
14,653,193,endpoint,1
15,717,193,endpoint,1
16,707,196,endpoint,1
17,736,198,endpoint,1
18,410,199,endpoint,1
19,724,199,endpoint,1
20,649,203,endpoint,1
21,659,206,endpoint,1
22,321,213,endpoint,1
23,302,218,endpoint,1
24,312,218,endpoint,1
25,419,220,endpoint,1
26,432,221,endpoint,1
27,318,222,endpoint,1
28,493,226,endpoint,1
29,675,226,endpoint,1
30,486,227,endpoint,1
31,423,228,endpoint,1
32,443,229,endpoint,1
33,569,229,endpoint,1
34,317,230,endpoint,1
35,561,230,endpoint,1
36,558,231,endpoint,1
37,334,236,endpoint,1
38,449,236,endpoint,1
39,351,239,endpoint,1
40,457,239,endpoint,1
41,420,242,endpoint,1
42,596,242,endpoint,1
43,379,243,endpoint,1
44,342,244,endpoint,1
45,333,245,endpoint,1
46,388,246,endpoint,1
47,575,250,endpoint,1
48,319,252,endpoint,1
49,417,252,endpoint,1
50,313,257,endpoint,1
51,584,257,endpoint,1
52,655,260,endpoint,1
53,566,262,endpoint,1
54,575,263,endpoint,1
55,748,263,endpoint,1
56,521,267,endpoint,1
57,128,272,endpoint,1
58,754,272,endpoint,1
59,592,273,endpoint,1
60,90,275,endpoint,1
61,99,275,endpoint,1
62,601,277,endpoint,1
63,586,278,endpoint,1
64,284,283,endpoint,1
65,596,285,endpoint,1
66,778,285,endpoint,1
67,683,287,endpoint,1
68,532,288,endpoint,1
69,480,290,endpoint,1
70,520,290,endpoint,1
71,605,290,endpoint,1
72,788,292,endpoint,1
73,794,292,endpoint,1
74,562,294,endpoint,1
75,688,295,endpoint,1
76,216,298,endpoint,1
77,350,298,endpoint,1
78,286,299,endpoint,1
79,662,300,endpoint,1
80,802,300,endpoint,1
81,224,302,endpoint,1
82,622,303,endpoint,1
83,687,303,endpoint,1
84,635,304,endpoint,1
85,330,305,endpoint,1
86,350,305,endpoint,1
87,418,305,endpoint,1
88,424,306,endpoint,1
89,339,307,endpoint,1
90,692,307,endpoint,1
91,321,308,endpoint,1
92,324,308,endpoint,1
93,628,308,endpoint,1
94,487,310,endpoint,1
95,354,312,endpoint,1
96,700,312,endpoint,1
97,422,314,endpoint,1
98,464,314,endpoint,1
99,606,315,endpoint,1
100,615,315,endpoint,1
101,624,315,endpoint,1
102,338,316,endpoint,1
103,638,319,endpoint,1
104,346,320,endpoint,1
105,609,320,endpoint,1
106,642,321,endpoint,1
107,705,321,endpoint,1
108,294,322,endpoint,1
109,603,322,endpoint,1
110,690,322,endpoint,1
111,283,324,endpoint,1
112,621,324,endpoint,1
113,271,327,endpoint,1
114,516,327,endpoint,1
115,614,327,endpoint,1
116,607,331,endpoint,1
117,293,332,endpoint,1
118,663,334,endpoint,1
119,695,334,endpoint,1
120,594,336,endpoint,1
121,788,338,endpoint,1
122,470,339,endpoint,1
123,619,339,endpoint,1
124,663,339,endpoint,1
125,574,341,endpoint,1
126,697,341,endpoint,1
127,568,343,endpoint,1
128,581,343,endpoint,1
129,658,345,endpoint,1
130,620,346,endpoint,1
131,588,347,endpoint,1
132,345,348,endpoint,1
133,667,348,endpoint,1
134,611,351,endpoint,1
135,641,351,endpoint,1
136,648,351,endpoint,1
137,400,352,endpoint,1
138,462,352,endpoint,1
139,624,353,endpoint,1
140,780,353,endpoint,1
141,595,354,endpoint,1
142,316,355,endpoint,1
143,714,356,endpoint,1
144,600,357,endpoint,1
145,711,357,endpoint,1
146,527,358,endpoint,1
147,651,358,endpoint,1
148,55,360,endpoint,1
149,325,360,endpoint,1
150,454,360,endpoint,1
151,398,363,endpoint,1
152,377,365,endpoint,1
153,384,365,endpoint,1
154,633,365,endpoint,1
155,685,365,endpoint,1
156,55,366,endpoint,1
157,430,366,endpoint,1
158,579,366,endpoint,1
159,347,368,endpoint,1
160,647,368,endpoint,1
161,677,368,endpoint,1
162,373,369,endpoint,1
163,559,370,endpoint,1
164,364,371,endpoint,1
165,355,372,endpoint,1
166,304,374,endpoint,1
167,677,374,endpoint,1
168,312,375,endpoint,1
169,332,376,endpoint,1
170,387,377,endpoint,1
171,676,378,endpoint,1
172,168,379,endpoint,1
173,398,379,endpoint,1
174,570,379,endpoint,1
175,686,380,endpoint,1
176,340,381,endpoint,1
177,692,381,endpoint,1
178,314,382,endpoint,1
179,655,384,endpoint,1
180,301,388,endpoint,1
181,563,388,endpoint,1
182,671,388,endpoint,1
183,387,389,endpoint,1
184,398,389,endpoint,1
185,678,389,endpoint,1
186,316,390,endpoint,1
187,698,391,endpoint,1
188,667,392,endpoint,1
189,641,395,endpoint,1
190,291,397,endpoint,1
191,329,398,endpoint,1
192,342,398,endpoint,1
193,387,398,endpoint,1
194,418,398,endpoint,1
195,673,400,endpoint,1
196,307,401,endpoint,1
197,645,401,endpoint,1
198,547,404,endpoint,1
199,285,412,endpoint,1
200,691,415,endpoint,1
201,680,416,endpoint,1
202,542,418,endpoint,1
203,823,418,endpoint,1
204,547,420,endpoint,1
205,810,420,endpoint,1
206,730,421,endpoint,1
207,167,422,endpoint,1
208,396,422,endpoint,1
209,514,424,endpoint,1
210,622,424,endpoint,1
211,404,425,endpoint,1
212,527,425,endpoint,1
213,765,425,endpoint,1
214,650,426,endpoint,1
215,485,427,endpoint,1
216,541,429,endpoint,1
217,560,429,endpoint,1
218,171,431,endpoint,1
219,461,431,endpoint,1
220,738,431,endpoint,1
221,651,432,endpoint,1
222,785,432,endpoint,1
223,464,433,endpoint,1
224,214,435,endpoint,1
225,521,435,endpoint,1
226,614,436,endpoint,1
227,663,436,endpoint,1
228,378,442,endpoint,1
229,464,442,endpoint,1
230,362,445,endpoint,1
231,630,447,endpoint,1
232,683,448,endpoint,1
233,212,450,endpoint,1
234,381,451,endpoint,1
235,423,452,endpoint,1
236,640,453,endpoint,1
237,657,453,endpoint,1
238,685,453,endpoint,1
239,401,454,endpoint,1
240,617,454,endpoint,1
241,672,455,endpoint,1
242,49,457,endpoint,1
243,311,458,endpoint,1
244,408,459,endpoint,1
245,652,459,endpoint,1
246,296,461,endpoint,1
247,330,462,endpoint,1
248,350,463,endpoint,1
249,608,463,endpoint,1
250,358,464,endpoint,1
251,203,465,endpoint,1
252,308,465,endpoint,1
253,294,466,endpoint,1
254,616,467,endpoint,1
255,644,467,endpoint,1
256,43,469,endpoint,1
257,200,470,endpoint,1
258,616,470,endpoint,1
259,185,471,endpoint,1
260,781,471,endpoint,1
261,457,473,endpoint,1
262,664,473,endpoint,1
263,303,474,endpoint,1
264,357,474,endpoint,1
265,517,474,endpoint,1
266,602,474,endpoint,1
267,346,475,endpoint,1
268,364,475,endpoint,1
269,142,476,endpoint,1
270,194,477,endpoint,1
271,609,477,endpoint,1
272,160,478,endpoint,1
273,779,481,endpoint,1
274,137,482,endpoint,1
275,157,482,endpoint,1
276,341,484,endpoint,1
277,351,484,endpoint,1
278,372,484,endpoint,1
279,404,484,endpoint,1
280,146,485,endpoint,1
281,410,485,endpoint,1
282,186,486,endpoint,1
283,605,486,endpoint,1
284,90,487,endpoint,1
285,325,487,endpoint,1
286,317,488,endpoint,1
287,693,488,endpoint,1
288,336,489,endpoint,1
289,677,490,endpoint,1
290,184,493,endpoint,1
291,405,493,endpoint,1
292,615,493,endpoint,1
293,413,494,endpoint,1
294,95,495,endpoint,1
295,327,496,endpoint,1
296,380,498,endpoint,1
297,624,499,endpoint,1
298,325,500,endpoint,1
299,673,500,endpoint,1
300,238,501,endpoint,1
301,95,502,endpoint,1
302,220,502,endpoint,1
303,352,503,endpoint,1
304,446,503,endpoint,1
305,103,504,endpoint,1
306,308,504,endpoint,1
307,203,506,endpoint,1
308,670,506,endpoint,1
309,212,508,endpoint,1
310,596,508,endpoint,1
311,182,510,endpoint,1
312,478,511,endpoint,1
313,517,511,endpoint,1
314,182,515,endpoint,1
315,640,517,endpoint,1
316,581,518,endpoint,1
317,599,518,endpoint,1
318,190,519,endpoint,1
319,272,519,endpoint,1
320,349,521,endpoint,1
321,265,522,endpoint,1
322,616,522,endpoint,1
323,636,522,endpoint,1
324,182,523,endpoint,1
325,641,524,endpoint,1
326,245,526,endpoint,1
327,619,527,endpoint,1
328,727,527,endpoint,1
329,246,528,endpoint,1
330,254,528,endpoint,1
331,392,528,endpoint,1
332,410,528,endpoint,1
333,317,529,endpoint,1
334,351,529,endpoint,1
335,509,529,endpoint,1
336,46,530,endpoint,1
337,592,530,endpoint,1
338,579,531,endpoint,1
339,629,531,endpoint,1
340,566,532,endpoint,1
341,266,533,endpoint,1
342,324,533,endpoint,1
343,175,535,endpoint,1
344,473,536,endpoint,1
345,336,537,endpoint,1
346,378,537,endpoint,1
347,43,538,endpoint,1
348,343,538,endpoint,1
349,350,538,endpoint,1
350,569,538,endpoint,1
351,313,540,endpoint,1
352,465,540,endpoint,1
353,307,541,endpoint,1
354,622,541,endpoint,1
355,160,542,endpoint,1
356,267,544,endpoint,1
357,263,547,endpoint,1
358,512,548,endpoint,1
359,52,550,endpoint,1
360,617,551,endpoint,1
361,569,552,endpoint,1
362,599,552,endpoint,1
363,668,553,endpoint,1
364,51,555,endpoint,1
365,526,555,endpoint,1
366,663,555,endpoint,1
367,699,555,endpoint,1
368,57,558,endpoint,1
369,552,558,endpoint,1
370,600,559,endpoint,1
371,557,560,endpoint,1
372,578,560,endpoint,1
373,630,560,endpoint,1
374,412,561,endpoint,1
375,625,562,endpoint,1
376,480,564,endpoint,1
377,475,565,endpoint,1
378,302,566,endpoint,1
379,147,567,endpoint,1
380,600,567,endpoint,1
381,640,567,endpoint,1
382,717,567,endpoint,1
383,563,568,endpoint,1
384,577,568,endpoint,1
385,699,568,endpoint,1
386,304,569,endpoint,1
387,58,570,endpoint,1
388,530,570,endpoint,1
389,633,570,endpoint,1
390,721,571,endpoint,1
391,738,571,endpoint,1
392,196,572,endpoint,1
393,296,572,endpoint,1
394,458,572,endpoint,1
395,203,573,endpoint,1
396,478,574,endpoint,1
397,574,575,endpoint,1
398,687,575,endpoint,1
399,458,576,endpoint,1
400,731,576,endpoint,1
401,55,577,endpoint,1
402,779,577,endpoint,1
403,466,578,endpoint,1
404,569,579,endpoint,1
405,582,579,endpoint,1
406,207,580,endpoint,1
407,672,580,endpoint,1
408,352,581,endpoint,1
409,476,581,endpoint,1
410,626,581,endpoint,1
411,600,582,endpoint,1
412,162,584,endpoint,1
413,288,585,endpoint,1
414,298,586,endpoint,1
415,578,586,endpoint,1
416,281,587,endpoint,1
417,386,588,endpoint,1
418,769,588,endpoint,1
419,168,589,endpoint,1
420,440,589,endpoint,1
421,605,590,endpoint,1
422,624,590,endpoint,1
423,343,592,endpoint,1
424,489,592,endpoint,1
425,764,598,endpoint,1
426,438,599,endpoint,1
427,637,599,endpoint,1
428,603,600,endpoint,1
429,657,600,endpoint,1
430,587,601,endpoint,1
431,729,601,endpoint,1
432,733,601,endpoint,1
433,298,602,endpoint,1
434,631,602,endpoint,1
435,547,604,endpoint,1
436,304,605,endpoint,1
437,337,605,endpoint,1
438,284,607,endpoint,1
439,300,607,endpoint,1
440,433,607,endpoint,1
441,603,607,endpoint,1
442,616,607,endpoint,1
443,237,608,endpoint,1
444,625,608,endpoint,1
445,633,608,endpoint,1
446,418,609,endpoint,1
447,442,609,endpoint,1
448,332,610,endpoint,1
449,640,610,endpoint,1
450,682,610,endpoint,1
451,350,612,endpoint,1
452,674,612,endpoint,1
453,689,612,endpoint,1
454,303,613,endpoint,1
455,598,613,endpoint,1
456,272,615,endpoint,1
457,648,615,endpoint,1
458,566,616,endpoint,1
459,618,616,endpoint,1
460,462,617,endpoint,1
461,280,618,endpoint,1
462,680,618,endpoint,1
463,313,619,endpoint,1
464,321,619,endpoint,1
465,438,619,endpoint,1
466,442,619,endpoint,1
467,557,619,endpoint,1
468,666,620,endpoint,1
469,411,621,endpoint,1
470,796,621,endpoint,1
471,259,623,endpoint,1
472,317,623,endpoint,1
473,309,624,endpoint,1
474,576,624,endpoint,1
475,606,624,endpoint,1
476,614,625,endpoint,1
477,735,625,endpoint,1
478,816,625,endpoint,1
479,184,626,endpoint,1
480,200,626,endpoint,1
481,742,626,endpoint,1
482,476,627,endpoint,1
483,486,627,endpoint,1
484,512,627,endpoint,1
485,673,627,endpoint,1
486,683,627,endpoint,1
487,762,627,endpoint,1
488,289,628,endpoint,1
489,326,629,endpoint,1
490,126,630,endpoint,1
491,568,630,endpoint,1
492,711,630,endpoint,1
493,118,631,endpoint,1
494,235,631,endpoint,1
495,273,631,endpoint,1
496,311,632,endpoint,1
497,545,632,endpoint,1
498,617,632,endpoint,1
499,678,632,endpoint,1
500,610,634,endpoint,1
501,628,634,endpoint,1
502,652,634,endpoint,1
503,443,635,endpoint,1
504,525,635,endpoint,1
505,283,636,endpoint,1
506,399,636,endpoint,1
507,414,636,endpoint,1
508,696,636,endpoint,1
509,513,637,endpoint,1
510,508,639,endpoint,1
511,628,639,endpoint,1
512,440,640,endpoint,1
513,614,640,endpoint,1
514,424,641,endpoint,1
515,479,643,endpoint,1
516,525,643,endpoint,1
517,657,643,endpoint,1
518,707,643,endpoint,1
519,337,645,endpoint,1
520,428,645,endpoint,1
521,168,646,endpoint,1
522,177,646,endpoint,1
523,699,646,endpoint,1
524,417,647,endpoint,1
525,331,648,endpoint,1
526,436,648,endpoint,1
527,644,648,endpoint,1
528,650,648,endpoint,1
529,93,649,endpoint,1
530,300,649,endpoint,1
531,491,649,endpoint,1
532,497,649,endpoint,1
533,586,650,endpoint,1
534,168,651,endpoint,1
535,629,652,endpoint,1
536,484,653,endpoint,1
537,526,653,endpoint,1
538,650,653,endpoint,1
539,245,654,endpoint,1
540,314,654,endpoint,1
541,365,654,endpoint,1
542,642,655,endpoint,1
543,676,655,endpoint,1
544,548,657,endpoint,1
545,635,657,endpoint,1
546,695,658,endpoint,1
547,651,659,endpoint,1
548,388,660,endpoint,1
549,319,661,endpoint,1
550,366,661,endpoint,1
551,431,661,endpoint,1
552,636,661,endpoint,1
553,662,661,endpoint,1
554,376,662,endpoint,1
555,404,662,endpoint,1
556,672,662,endpoint,1
557,711,663,endpoint,1
558,410,664,endpoint,1
559,693,664,endpoint,1
560,312,667,endpoint,1
561,444,667,endpoint,1
562,517,667,endpoint,1
563,647,668,endpoint,1
564,383,669,endpoint,1
565,322,670,endpoint,1
566,392,671,endpoint,1
567,405,671,endpoint,1
568,657,671,endpoint,1
569,671,671,endpoint,1
570,363,672,endpoint,1
571,663,674,endpoint,1
572,404,676,endpoint,1
573,415,676,endpoint,1
574,647,677,endpoint,1
575,688,677,endpoint,1
576,308,679,endpoint,1
577,317,680,endpoint,1
578,632,682,endpoint,1
579,438,683,endpoint,1
580,459,684,endpoint,1
581,465,685,endpoint,1
582,586,685,endpoint,1
583,664,686,endpoint,1
584,396,687,endpoint,1
585,548,687,endpoint,1
586,576,688,endpoint,1
587,434,689,endpoint,1
588,389,690,endpoint,1
589,591,690,endpoint,1
590,695,690,endpoint,1
591,303,692,endpoint,1
592,403,692,endpoint,1
593,577,694,endpoint,1
594,603,694,endpoint,1
595,538,696,endpoint,1
596,800,696,endpoint,1
597,585,697,endpoint,1
598,396,699,endpoint,1
599,547,699,endpoint,1
600,304,701,endpoint,1
601,419,701,endpoint,1
602,795,701,endpoint,1
603,454,702,endpoint,1
604,556,702,endpoint,1
605,571,703,endpoint,1
606,673,704,endpoint,1
607,788,704,endpoint,1
608,382,707,endpoint,1
609,574,707,endpoint,1
610,699,707,endpoint,1
611,601,708,endpoint,1
612,377,709,endpoint,1
613,453,709,endpoint,1
614,317,710,endpoint,1
615,691,711,endpoint,1
616,336,712,endpoint,1
617,660,713,endpoint,1
618,653,714,endpoint,1
619,595,716,endpoint,1
620,631,716,endpoint,1
621,712,717,endpoint,1
622,114,719,endpoint,1
623,565,719,endpoint,1
624,650,719,endpoint,1
625,333,721,endpoint,1
626,471,721,endpoint,1
627,499,721,endpoint,1
628,454,723,endpoint,1
629,488,723,endpoint,1
630,575,723,endpoint,1
631,547,724,endpoint,1
632,327,725,endpoint,1
633,616,725,endpoint,1
634,643,725,endpoint,1
635,494,727,endpoint,1
636,586,727,endpoint,1
637,221,728,endpoint,1
638,364,728,endpoint,1
639,410,729,endpoint,1
640,466,729,endpoint,1
641,619,729,endpoint,1
642,475,730,endpoint,1
643,237,731,endpoint,1
644,519,732,endpoint,1
645,511,733,endpoint,1
646,550,733,endpoint,1
647,519,735,endpoint,1
648,219,736,endpoint,1
649,467,736,endpoint,1
650,654,736,endpoint,1
651,236,738,endpoint,1
652,505,738,endpoint,1
653,435,740,endpoint,1
654,423,742,endpoint,1
655,531,744,endpoint,1
656,548,744,endpoint,1
657,599,744,endpoint,1
658,514,745,endpoint,1
659,592,745,endpoint,1
660,410,746,endpoint,1
661,488,746,endpoint,1
662,694,746,endpoint,1
663,505,747,endpoint,1
664,538,747,endpoint,1
665,561,747,endpoint,1
666,605,747,endpoint,1
667,703,747,endpoint,1
668,399,748,endpoint,1
669,430,748,endpoint,1
670,551,749,endpoint,1
671,590,750,endpoint,1
672,467,751,endpoint,1
673,602,751,endpoint,1
674,327,753,endpoint,1
675,434,753,endpoint,1
676,656,754,endpoint,1
677,333,755,endpoint,1
678,597,755,endpoint,1
679,412,756,endpoint,1
680,731,756,endpoint,1
681,417,757,endpoint,1
682,476,757,endpoint,1
683,513,757,endpoint,1
684,529,757,endpoint,1
685,229,758,endpoint,1
686,404,758,endpoint,1
687,552,759,endpoint,1
688,582,759,endpoint,1
689,606,759,endpoint,1
690,713,759,endpoint,1
691,803,759,endpoint,1
692,332,760,endpoint,1
693,422,760,endpoint,1
694,484,760,endpoint,1
695,629,760,endpoint,1
696,381,761,endpoint,1
697,797,761,endpoint,1
698,515,763,endpoint,1
699,588,763,endpoint,1
700,724,763,endpoint,1
701,749,763,endpoint,1
702,235,764,endpoint,1
703,436,764,endpoint,1
704,577,764,endpoint,1
705,602,764,endpoint,1
706,635,764,endpoint,1
707,665,764,endpoint,1
708,348,765,endpoint,1
709,371,765,endpoint,1
710,330,766,endpoint,1
711,466,766,endpoint,1
712,546,766,endpoint,1
713,387,767,endpoint,1
714,412,767,endpoint,1
715,377,768,endpoint,1
716,395,769,endpoint,1
717,571,769,endpoint,1
718,575,770,endpoint,1
719,582,770,endpoint,1
720,742,770,endpoint,1
721,348,771,endpoint,1
722,597,771,endpoint,1
723,605,772,endpoint,1
724,626,772,endpoint,1
725,424,773,endpoint,1
726,445,773,endpoint,1
727,582,775,endpoint,1
728,776,775,endpoint,1
729,381,776,endpoint,1
730,528,776,endpoint,1
731,572,777,endpoint,1
732,579,777,endpoint,1
733,341,778,endpoint,1
734,783,779,endpoint,1
735,301,780,endpoint,1
736,391,780,endpoint,1
737,624,782,endpoint,1
738,315,783,endpoint,1
739,584,785,endpoint,1
740,799,785,endpoint,1
741,188,786,endpoint,1
742,523,786,endpoint,1
743,759,786,endpoint,1
744,512,787,endpoint,1
745,572,787,endpoint,1
746,606,790,endpoint,1
747,397,791,endpoint,1
748,566,791,endpoint,1
749,728,791,endpoint,1
750,173,792,endpoint,1
751,306,793,endpoint,1
752,260,794,endpoint,1
753,299,794,endpoint,1
754,554,794,endpoint,1
755,539,795,endpoint,1
756,398,796,endpoint,1
757,533,797,endpoint,1
758,648,798,endpoint,1
759,525,799,endpoint,1
760,634,799,endpoint,1
761,413,802,endpoint,1
762,600,802,endpoint,1
763,328,804,endpoint,1
764,335,804,endpoint,1
765,558,804,endpoint,1
766,591,804,endpoint,1
767,422,805,endpoint,1
768,743,805,endpoint,1
769,729,806,endpoint,1
770,405,807,endpoint,1
771,430,807,endpoint,1
772,539,807,endpoint,1
773,580,807,endpoint,1
774,667,807,endpoint,1
775,721,807,endpoint,1
776,567,808,endpoint,1
777,616,808,endpoint,1
778,527,809,endpoint,1
779,558,809,endpoint,1
780,372,811,endpoint,1
781,545,814,endpoint,1
782,662,814,endpoint,1
783,746,814,endpoint,1
784,378,815,endpoint,1
785,533,815,endpoint,1
786,785,815,endpoint,1
787,421,816,endpoint,1
788,648,817,endpoint,1
789,695,817,endpoint,1
790,537,818,endpoint,1
791,748,820,endpoint,1
792,683,821,endpoint,1
793,601,823,endpoint,1
794,783,823,endpoint,1
795,527,824,endpoint,1
796,725,826,endpoint,1
797,652,829,endpoint,1
798,206,831,endpoint,1
799,503,831,endpoint,1
800,698,831,endpoint,1
801,236,832,endpoint,1
802,649,837,endpoint,1
803,394,841,endpoint,1
804,737,841,endpoint,1
805,404,844,endpoint,1
806,748,844,endpoint,1
807,238,848,endpoint,1
808,636,848,endpoint,1
809,346,855,endpoint,1
810,616,856,endpoint,1
811,649,857,endpoint,1
812,512,860,endpoint,1
813,333,862,endpoint,1
814,444,866,endpoint,1
815,620,866,endpoint,1
816,677,867,endpoint,1
817,639,868,endpoint,1
818,302,870,endpoint,1
819,479,871,endpoint,1
820,458,873,endpoint,1
821,297,874,endpoint,1
822,681,879,endpoint,1
823,473,880,endpoint,1
824,284,883,endpoint,1
825,507,884,endpoint,1
826,358,886,endpoint,1
827,633,888,endpoint,1
828,367,890,endpoint,1
829,499,891,endpoint,1
830,629,891,endpoint,1
831,403,907,endpoint,1
832,438,910,endpoint,1
833,608,913,endpoint,1
834,395,916,endpoint,1
835,446,918,endpoint,1
836,433,919,endpoint,1
837,424,922,endpoint,1
838,458,932,endpoint,1
839,605,151,junction,3
840,703,176,junction,3
841,699,186,junction,3
842,683,202,junction,3
843,680,205,junction,3
844,414,207,junction,3
845,317,213,junction,3
846,316,218,junction,3
847,428,223,junction,3
848,631,223,junction,3
849,666,234,junction,3
850,620,238,junction,3
851,383,246,junction,3
852,343,247,junction,3
853,589,249,junction,3
854,380,250,junction,3
855,569,258,junction,3
856,391,260,junction,3
857,560,268,junction,3
858,566,270,junction,3
859,546,287,junction,3
860,628,288,junction,3
861,550,291,junction,3
862,537,293,junction,3
863,606,295,junction,3
864,619,300,junction,3
865,594,305,junction,3
866,422,310,junction,3
867,295,311,junction,3
868,273,313,junction,3
869,698,314,junction,3
870,609,318,junction,3
871,520,322,junction,3
872,618,323,junction,3
873,348,333,junction,3
874,579,339,junction,3
875,614,346,junction,3
876,652,346,junction,3
877,650,350,junction,3
878,401,352,junction,3
879,531,353,junction,3
880,403,355,junction,3
881,581,356,junction,3
882,590,357,junction,3
883,665,357,junction,3
884,396,359,junction,3
885,600,360,junction,3
886,575,363,junction,3
887,395,363,junction,3
888,57,364,junction,3
889,645,364,junction,3
890,434,366,junction,3
891,392,367,junction,3
892,631,369,junction,3
893,638,371,junction,3
894,391,375,junction,3
895,308,377,junction,3
896,170,381,junction,3
897,336,382,junction,3
898,692,384,junction,3
899,652,389,junction,3
900,673,393,junction,3
901,678,392,junction,3
902,693,392,junction,3
903,332,395,junction,3
904,659,397,junction,3
905,695,401,junction,3
906,288,404,junction,3
907,662,407,junction,3
908,689,409,junction,3
909,684,409,junction,3
910,527,411,junction,3
911,680,411,junction,3
912,521,413,junction,3
913,624,417,junction,3
914,648,419,junction,3
915,370,433,junction,3
916,763,434,junction,3
917,456,437,junction,3
918,662,439,junction,3
919,363,442,junction,3
920,381,445,junction,3
921,503,450,junction,3
922,664,453,junction,3
923,424,456,junction,3
924,671,458,junction,3
925,297,464,junction,3
926,350,464,junction,3
927,500,468,junction,3
928,504,468,junction,3
929,605,472,junction,3
930,361,477,junction,3
931,494,477,junction,3
932,189,479,junction,3
933,142,481,junction,3
934,365,488,junction,3
935,602,493,junction,3
936,615,495,junction,3
937,327,498,junction,3
938,338,504,junction,3
939,212,505,junction,3
940,346,510,junction,3
941,308,512,junction,3
942,592,514,junction,3
943,184,519,junction,3
944,639,521,junction,3
945,464,528,junction,3
946,495,531,junction,3
947,54,533,junction,3
948,470,536,junction,3
949,387,538,junction,3
950,566,537,junction,3
951,615,538,junction,3
952,383,541,junction,3
953,406,545,junction,3
954,618,550,junction,3
955,562,551,junction,3
956,53,555,junction,3
957,414,555,junction,3
958,425,555,junction,3
959,316,556,junction,3
960,554,556,junction,3
961,702,557,junction,3
962,148,559,junction,3
963,453,561,junction,3
964,302,567,junction,3
965,347,567,junction,3
966,634,567,junction,3
967,503,571,junction,3
968,572,572,junction,3
969,570,572,junction,3
970,594,575,junction,3
971,160,575,junction,3
972,605,577,junction,3
973,475,577,junction,3
974,450,579,junction,3
975,455,579,junction,3
976,678,584,junction,3
977,352,586,junction,3
978,210,587,junction,3
979,333,586,junction,3
980,299,589,junction,3
981,182,590,junction,3
982,354,591,junction,3
983,555,597,junction,3
984,592,598,junction,3
985,432,600,junction,3
986,672,600,junction,3
987,438,601,junction,3
988,433,601,junction,3
989,599,604,junction,3
990,265,604,junction,3
991,296,604,junction,3
992,663,605,junction,3
993,567,607,junction,3
994,684,607,junction,3
995,332,608,junction,3
996,639,609,junction,3
997,426,610,junction,3
998,690,610,junction,3
999,240,613,junction,3
1000,267,615,junction,3
1001,422,614,junction,3
1002,556,614,junction,3
1003,349,615,junction,3
1004,471,616,junction,3
1005,615,616,junction,3
1006,390,617,junction,3
1007,474,616,junction,3
1008,651,618,junction,3
1009,677,618,junction,3
1010,485,619,junction,3
1011,545,620,junction,3
1012,606,619,junction,3
1013,613,619,junction,3
1014,467,620,junction,3
1015,232,621,junction,3
1016,440,621,junction,3
1017,670,621,junction,3
1018,315,625,junction,3
1019,584,625,junction,3
1020,400,627,junction,3
1021,200,628,junction,3
1022,511,628,junction,3
1023,182,631,junction,3
1024,499,631,junction,3
1025,642,632,junction,3
1026,422,632,junction,3
1027,440,632,junction,3
1028,684,633,junction,3
1029,713,632,junction,3
1030,327,634,junction,3
1031,428,633,junction,3
1032,320,636,junction,3
1033,436,636,junction,3
1034,354,636,junction,3
1035,429,635,junction,3
1036,312,637,junction,3
1037,648,638,junction,3
1038,309,639,junction,3
1039,316,639,junction,3
1040,433,643,junction,3
1041,554,642,junction,3
1042,501,644,junction,3
1043,507,647,junction,3
1044,645,647,junction,3
1045,467,647,junction,3
1046,169,648,junction,3
1047,307,649,junction,3
1048,313,653,junction,3
1049,519,652,junction,3
1050,631,653,junction,3
1051,450,654,junction,3
1052,345,656,junction,3
1053,247,658,junction,3
1054,369,659,junction,3
1055,705,660,junction,3
1056,473,660,junction,3
1057,497,660,junction,3
1058,454,664,junction,3
1059,684,664,junction,3
1060,702,663,junction,3
1061,686,664,junction,3
1062,662,668,junction,3
1063,644,669,junction,3
1064,448,670,junction,3
1065,396,671,junction,3
1066,594,672,junction,3
1067,406,674,junction,3
1068,693,676,junction,3
1069,694,677,junction,3
1070,358,678,junction,3
1071,634,678,junction,3
1072,472,681,junction,3
1073,438,686,junction,3
1074,692,687,junction,3
1075,453,688,junction,3
1076,595,688,junction,3
1077,442,689,junction,3
1078,669,690,junction,3
1079,308,692,junction,3
1080,679,694,junction,3
1081,542,697,junction,3
1082,318,699,junction,3
1083,584,699,junction,3
1084,442,701,junction,3
1085,405,702,junction,3
1086,567,702,junction,3
1087,368,704,junction,3
1088,387,705,junction,3
1089,648,704,junction,3
1090,307,707,junction,3
1091,560,708,junction,3
1092,583,708,junction,3
1093,598,709,junction,3
1094,555,714,junction,3
1095,599,716,junction,3
1096,406,716,junction,3
1097,432,717,junction,3
1098,658,718,junction,3
1099,403,720,junction,3
1100,361,721,junction,3
1101,712,720,junction,3
1102,634,722,junction,3
1103,658,720,junction,3
1104,376,722,junction,3
1105,629,724,junction,3
1106,484,727,junction,3
1107,616,728,junction,3
1108,454,729,junction,3
1109,606,730,junction,3
1110,349,731,junction,3
1111,445,732,junction,3
1112,466,735,junction,3
1113,404,735,junction,3
1114,598,736,junction,3
1115,510,740,junction,3
1116,675,740,junction,3
1117,491,743,junction,3
1118,564,743,junction,3
1119,435,743,junction,3
1120,697,744,junction,3
1121,638,746,junction,3
1122,428,746,junction,3
1123,548,748,junction,3
1124,592,749,junction,3
1125,614,750,junction,3
1126,604,751,junction,3
1127,544,753,junction,3
1128,533,755,junction,3
1129,356,755,junction,3
1130,498,755,junction,3
1131,723,756,junction,3
1132,507,757,junction,3
1133,801,759,junction,3
1134,618,760,junction,3
1135,349,760,junction,3
1136,622,762,junction,3
1137,361,763,junction,3
1138,381,764,junction,3
1139,641,763,junction,3
1140,330,764,junction,3
1141,468,765,junction,3
1142,584,765,junction,3
1143,511,766,junction,3
1144,687,766,junction,3
1145,574,769,junction,3
1146,775,768,junction,3
1147,602,770,junction,3
1148,498,773,junction,3
1149,455,774,junction,3
1150,261,778,junction,3
1151,580,777,junction,3
1152,653,777,junction,3
1153,254,781,junction,3
1154,268,781,junction,3
1155,523,782,junction,3
1156,184,784,junction,3
1157,626,784,junction,3
1158,502,785,junction,3
1159,733,788,junction,3
1160,563,795,junction,3
1161,266,795,junction,3
1162,557,797,junction,3
1163,696,798,junction,3
1164,758,798,junction,3
1165,611,800,junction,3
1166,529,801,junction,3
1167,740,807,junction,3
1168,427,808,junction,3
1169,608,809,junction,3
1170,779,814,junction,3
1171,778,815,junction,3
1172,693,817,junction,3
1173,653,819,junction,3
1174,689,822,junction,3
1175,509,825,junction,3
1176,507,830,junction,3
1177,245,837,junction,3
1178,368,844,junction,3
1179,643,868,junction,3
1180,423,894,junction,3
