image_id,split,observed_branching,observed_tortuosity,observed_density,observed_efficiency,true_state,posterior_prob_normal,posterior_prob_complex,inferred_state
Image_01L,train,Medium,Medium,Low,Low,Normal,0.8,0.2,Normal
Image_01R,train,Medium,High,Medium,High,Normal,0.6666666666666667,0.33333333333333337,Normal
Image_02L,train,High,Low,Low,Low,Normal,0.6666666666666666,0.3333333333333333,Normal
Image_02R,train,High,Low,Low,Medium,Normal,0.75,0.25,Normal
Image_03L,train,Medium,High,Medium,Medium,Normal,0.75,0.25,Normal
Image_03R,train,Medium,High,Medium,Medium,Normal,0.75,0.25,Normal
Image_04L,train,Low,High,Medium,Low,Normal,0.75,0.25,Normal
Image_04R,train,High,Medium,Low,Low,Normal,0.7999999999999999,0.19999999999999998,Normal
Image_05L,train,Medium,High,Medium,Low,Normal,0.75,0.25,Normal
Image_05R,train,Low,Low,High,High,Normal,0.7499999999999999,0.25,Normal
Image_06L,train,Low,Medium,High,High,Normal,0.8,0.2,Normal
Image_06R,train,High,Low,Low,Medium,Normal,0.75,0.25,Normal
Image_07L,train,High,High,Low,Low,Complex,0.3333333333333333,0.6666666666666666,Complex
Image_07R,train,High,Medium,Low,Low,Normal,0.7999999999999999,0.19999999999999998,Normal
Image_08L,train,Low,Medium,High,High,Normal,0.8,0.2,Normal
Image_08R,train,Low,Low,High,Medium,Normal,0.6666666666666666,0.3333333333333333,Normal
Image_09L,train,Low,Medium,High,High,Normal,0.8,0.2,Normal
Image_09R,train,Low,High,High,High,Complex,0.3333333333333333,0.6666666666666666,Complex
Image_10L,train,Medium,Low,High,High,Normal,0.75,0.25,Normal
Image_10R,train,High,Low,Medium,Medium,Normal,0.6666666666666666,0.3333333333333333,Normal
Image_11L,test,Low,Medium,High,High,Normal,0.8,0.2,Normal
Image_11R,test,Low,Medium,High,High,Normal,0.8,0.2,Normal
Image_12L,test,Low,High,Medium,Low,Normal,0.75,0.25,Normal
Image_12R,test,High,Medium,Medium,High,Normal,0.5,0.5,Normal
Image_13L,test,Low,Medium,High,High,Normal,0.8,0.2,Normal
Image_13R,test,Low,Medium,High,Medium,Normal,0.5,0.5,Normal
Image_14L,test,Medium,High,Medium,Low,Normal,0.75,0.25,Normal
Image_14R,test,Medium,Low,Low,Medium,Normal,0.75,0.25,Normal
