image_id,patient_id,eye,split,image_filename,image_path,manual1_path,manual2_path,mask_path,width,height
Image_01L,Subject_01,L,train,01_test.tif,C:\Users\abhi8\OneDrive\Desktop\ACADEMIC DOCS\SEM-5\MIS\new\chase\training\training\images\01_test.tif,C:\Users\abhi8\OneDrive\Desktop\ACADEMIC DOCS\SEM-5\MIS\new\chase\training\training\1st_manual\01_manual1.tif,C:\Users\abhi8\OneDrive\Desktop\ACADEMIC DOCS\SEM-5\MIS\new\chase\training\training\2nd_manual\Image_01L_2ndHO.png,C:\Users\abhi8\OneDrive\Desktop\ACADEMIC DOCS\SEM-5\MIS\new\chase\training\training\mask\mask_01L.png,999,960
Image_01R,Subject_01,R,train,02_test.tif,C:\Users\abhi8\OneDrive\Desktop\ACADEMIC DOCS\SEM-5\MIS\new\chase\training\training\images\02_test.tif,C:\Users\abhi8\OneDrive\Desktop\ACADEMIC DOCS\SEM-5\MIS\new\chase\training\training\1st_manual\02_manual1.tif,C:\Users\abhi8\OneDrive\Desktop\ACADEMIC DOCS\SEM-5\MIS\new\chase\training\training\2nd_manual\Image_01R_2ndHO.png,C:\Users\abhi8\OneDrive\Desktop\ACADEMIC DOCS\SEM-5\MIS\new\chase\training\training\mask\mask_01R.png,999,960
Image_02L,Subject_02,L,train,03_test.tif,C:\Users\abhi8\OneDrive\Desktop\ACADEMIC DOCS\SEM-5\MIS\new\chase\training\training\images\03_test.tif,C:\Users\abhi8\OneDrive\Desktop\ACADEMIC DOCS\SEM-5\MIS\new\chase\training\training\1st_manual\03_manual1.tif,C:\Users\abhi8\OneDrive\Desktop\ACADEMIC DOCS\SEM-5\MIS\new\chase\training\training\2nd_manual\Image_02L_2ndHO.png,C:\Users\abhi8\OneDrive\Desktop\ACADEMIC DOCS\SEM-5\MIS\new\chase\training\training\mask\mask_02L.png,999,960
Image_02R,Subject_02,R,train,04_test.tif,C:\Users\abhi8\OneDrive\Desktop\ACADEMIC DOCS\SEM-5\MIS\new\chase\training\training\images\04_test.tif,C:\Users\abhi8\OneDrive\Desktop\ACADEMIC DOCS\SEM-5\MIS\new\chase\training\training\1st_manual\04_manual1.tif,C:\Users\abhi8\OneDrive\Desktop\ACADEMIC DOCS\SEM-5\MIS\new\chase\training\training\2nd_manual\Image_02R_2ndHO.png,C:\Users\abhi8\OneDrive\Desktop\ACADEMIC DOCS\SEM-5\MIS\new\chase\training\training\mask\mask_02R.png,999,960
Image_03L,Subject_03,L,train,05_test.tif,C:\Users\abhi8\OneDrive\Desktop\ACADEMIC DOCS\SEM-5\MIS\new\chase\training\training\images\05_test.tif,C:\Users\abhi8\OneDrive\Desktop\ACADEMIC DOCS\SEM-5\MIS\new\chase\training\training\1st_manual\05_manual1.tif,C:\Users\abhi8\OneDrive\Desktop\ACADEMIC DOCS\SEM-5\MIS\new\chase\training\training\2nd_manual\Image_03L_2ndHO.png,C:\Users\abhi8\OneDrive\Desktop\ACADEMIC DOCS\SEM-5\MIS\new\chase\training\training\mask\mask_03L.png,999,960
Image_03R,Subject_03,R,train,06_test.tif,C:\Users\abhi8\OneDrive\Desktop\ACADEMIC DOCS\SEM-5\MIS\new\chase\training\training\images\06_test.tif,C:\Users\abhi8\OneDrive\Desktop\ACADEMIC DOCS\SEM-5\MIS\new\chase\training\training\1st_manual\06_manual1.tif,C:\Users\abhi8\OneDrive\Desktop\ACADEMIC DOCS\SEM-5\MIS\new\chase\training\training\2nd_manual\Image_03R_2ndHO.png,C:\Users\abhi8\OneDrive\Desktop\ACADEMIC DOCS\SEM-5\MIS\new\chase\training\training\mask\mask_03R.png,999,960
Image_04L,Subject_04,L,train,07_test.tif,C:\Users\abhi8\OneDrive\Desktop\ACADEMIC DOCS\SEM-5\MIS\new\chase\training\training\images\07_test.tif,C:\Users\abhi8\OneDrive\Desktop\ACADEMIC DOCS\SEM-5\MIS\new\chase\training\training\1st_manual\07_manual1.tif,C:\Users\abhi8\OneDrive\Desktop\ACADEMIC DOCS\SEM-5\MIS\new\chase\training\training\2nd_manual\Image_04L_2ndHO.png,C:\Users\abhi8\OneDrive\Desktop\ACADEMIC DOCS\SEM-5\MIS\new\chase\training\training\mask\mask_04L.png,999,960
Image_04R,Subject_04,R,train,08_test.tif,C:\Users\abhi8\OneDrive\Desktop\ACADEMIC DOCS\SEM-5\MIS\new\chase\training\training\images\08_test.tif,C:\Users\abhi8\OneDrive\Desktop\ACADEMIC DOCS\SEM-5\MIS\new\chase\training\training\1st_manual\08_manual1.tif,C:\Users\abhi8\OneDrive\Desktop\ACADEMIC DOCS\SEM-5\MIS\new\chase\training\training\2nd_manual\Image_04R_2ndHO.png,C:\Users\abhi8\OneDrive\Desktop\ACADEMIC DOCS\SEM-5\MIS\new\chase\training\training\mask\mask_04R.png,999,960
Image_05L,Subject_05,L,train,09_test.tif,C:\Users\abhi8\OneDrive\Desktop\ACADEMIC DOCS\SEM-5\MIS\new\chase\training\training\images\09_test.tif,C:\Users\abhi8\OneDrive\Desktop\ACADEMIC DOCS\SEM-5\MIS\new\chase\training\training\1st_manual\09_manual1.tif,C:\Users\abhi8\OneDrive\Desktop\ACADEMIC DOCS\SEM-5\MIS\new\chase\training\training\2nd_manual\Image_05L_2ndHO.png,C:\Users\abhi8\OneDrive\Desktop\ACADEMIC DOCS\SEM-5\MIS\new\chase\training\training\mask\mask_05L.png,999,960
Image_05R,Subject_05,R,train,10_test.tif,C:\Users\abhi8\OneDrive\Desktop\ACADEMIC DOCS\SEM-5\MIS\new\chase\training\training\images\10_test.tif,C:\Users\abhi8\OneDrive\Desktop\ACADEMIC DOCS\SEM-5\MIS\new\chase\training\training\1st_manual\10_manual1.tif,C:\Users\abhi8\OneDrive\Desktop\ACADEMIC DOCS\SEM-5\MIS\new\chase\training\training\2nd_manual\Image_05R_2ndHO.png,C:\Users\abhi8\OneDrive\Desktop\ACADEMIC DOCS\SEM-5\MIS\new\chase\training\training\mask\mask_05R.png,999,960
Image_06L,Subject_06,L,train,11_test.tif,C:\Users\abhi8\OneDrive\Desktop\ACADEMIC DOCS\SEM-5\MIS\new\chase\training\training\images\11_test.tif,C:\Users\abhi8\OneDrive\Desktop\ACADEMIC DOCS\SEM-5\MIS\new\chase\training\training\1st_manual\11_manual1.tif,C:\Users\abhi8\OneDrive\Desktop\ACADEMIC DOCS\SEM-5\MIS\new\chase\training\training\2nd_manual\Image_06L_2ndHO.png,C:\Users\abhi8\OneDrive\Desktop\ACADEMIC DOCS\SEM-5\MIS\new\chase\training\training\mask\mask_06L.png,999,960
Image_06R,Subject_06,R,train,12_test.tif,C:\Users\abhi8\OneDrive\Desktop\ACADEMIC DOCS\SEM-5\MIS\new\chase\training\training\images\12_test.tif,C:\Users\abhi8\OneDrive\Desktop\ACADEMIC DOCS\SEM-5\MIS\new\chase\training\training\1st_manual\12_manual1.tif,C:\Users\abhi8\OneDrive\Desktop\ACADEMIC DOCS\SEM-5\MIS\new\chase\training\training\2nd_manual\Image_06R_2ndHO.png,C:\Users\abhi8\OneDrive\Desktop\ACADEMIC DOCS\SEM-5\MIS\new\chase\training\training\mask\mask_06R.png,999,960
Image_07L,Subject_07,L,train,13_test.tif,C:\Users\abhi8\OneDrive\Desktop\ACADEMIC DOCS\SEM-5\MIS\new\chase\training\training\images\13_test.tif,C:\Users\abhi8\OneDrive\Desktop\ACADEMIC DOCS\SEM-5\MIS\new\chase\training\training\1st_manual\13_manual1.tif,C:\Users\abhi8\OneDrive\Desktop\ACADEMIC DOCS\SEM-5\MIS\new\chase\training\training\2nd_manual\Image_07L_2ndHO.png,C:\Users\abhi8\OneDrive\Desktop\ACADEMIC DOCS\SEM-5\MIS\new\chase\training\training\mask\mask_07L.png,999,960
Image_07R,Subject_07,R,train,14_test.tif,C:\Users\abhi8\OneDrive\Desktop\ACADEMIC DOCS\SEM-5\MIS\new\chase\training\training\images\14_test.tif,C:\Users\abhi8\OneDrive\Desktop\ACADEMIC DOCS\SEM-5\MIS\new\chase\training\training\1st_manual\14_manual1.tif,C:\Users\abhi8\OneDrive\Desktop\ACADEMIC DOCS\SEM-5\MIS\new\chase\training\training\2nd_manual\Image_07R_2ndHO.png,C:\Users\abhi8\OneDrive\Desktop\ACADEMIC DOCS\SEM-5\MIS\new\chase\training\training\mask\mask_07R.png,999,960
Image_08L,Subject_08,L,train,15_test.tif,C:\Users\abhi8\OneDrive\Desktop\ACADEMIC DOCS\SEM-5\MIS\new\chase\training\training\images\15_test.tif,C:\Users\abhi8\OneDrive\Desktop\ACADEMIC DOCS\SEM-5\MIS\new\chase\training\training\1st_manual\15_manual1.tif,C:\Users\abhi8\OneDrive\Desktop\ACADEMIC DOCS\SEM-5\MIS\new\chase\training\training\2nd_manual\Image_08L_2ndHO.png,C:\Users\abhi8\OneDrive\Desktop\ACADEMIC DOCS\SEM-5\MIS\new\chase\training\training\mask\mask_08L.png,999,960
Image_08R,Subject_08,R,train,16_test.tif,C:\Users\abhi8\OneDrive\Desktop\ACADEMIC DOCS\SEM-5\MIS\new\chase\training\training\images\16_test.tif,C:\Users\abhi8\OneDrive\Desktop\ACADEMIC DOCS\SEM-5\MIS\new\chase\training\training\1st_manual\16_manual1.tif,C:\Users\abhi8\OneDrive\Desktop\ACADEMIC DOCS\SEM-5\MIS\new\chase\training\training\2nd_manual\Image_08R_2ndHO.png,C:\Users\abhi8\OneDrive\Desktop\ACADEMIC DOCS\SEM-5\MIS\new\chase\training\training\mask\mask_08R.png,999,960
Image_09L,Subject_09,L,train,17_test.tif,C:\Users\abhi8\OneDrive\Desktop\ACADEMIC DOCS\SEM-5\MIS\new\chase\training\training\images\17_test.tif,C:\Users\abhi8\OneDrive\Desktop\ACADEMIC DOCS\SEM-5\MIS\new\chase\training\training\1st_manual\17_manual1.tif,C:\Users\abhi8\OneDrive\Desktop\ACADEMIC DOCS\SEM-5\MIS\new\chase\training\training\2nd_manual\Image_09L_2ndHO.png,C:\Users\abhi8\OneDrive\Desktop\ACADEMIC DOCS\SEM-5\MIS\new\chase\training\training\mask\mask_09L.png,999,960
Image_09R,Subject_09,R,train,18_test.tif,C:\Users\abhi8\OneDrive\Desktop\ACADEMIC DOCS\SEM-5\MIS\new\chase\training\training\images\18_test.tif,C:\Users\abhi8\OneDrive\Desktop\ACADEMIC DOCS\SEM-5\MIS\new\chase\training\training\1st_manual\18_manual1.tif,C:\Users\abhi8\OneDrive\Desktop\ACADEMIC DOCS\SEM-5\MIS\new\chase\training\training\2nd_manual\Image_09R_2ndHO.png,C:\Users\abhi8\OneDrive\Desktop\ACADEMIC DOCS\SEM-5\MIS\new\chase\training\training\mask\mask_09R.png,999,960
Image_10L,Subject_10,L,train,19_test.tif,C:\Users\abhi8\OneDrive\Desktop\ACADEMIC DOCS\SEM-5\MIS\new\chase\training\training\images\19_test.tif,C:\Users\abhi8\OneDrive\Desktop\ACADEMIC DOCS\SEM-5\MIS\new\chase\training\training\1st_manual\19_manual1.tif,C:\Users\abhi8\OneDrive\Desktop\ACADEMIC DOCS\SEM-5\MIS\new\chase\training\training\2nd_manual\Image_10L_2ndHO.png,C:\Users\abhi8\OneDrive\Desktop\ACADEMIC DOCS\SEM-5\MIS\new\chase\training\training\mask\mask_10L.png,999,960
Image_10R,Subject_10,R,train,20_test.tif,C:\Users\abhi8\OneDrive\Desktop\ACADEMIC DOCS\SEM-5\MIS\new\chase\training\training\images\20_test.tif,C:\Users\abhi8\OneDrive\Desktop\ACADEMIC DOCS\SEM-5\MIS\new\chase\training\training\1st_manual\20_manual1.tif,C:\Users\abhi8\OneDrive\Desktop\ACADEMIC DOCS\SEM-5\MIS\new\chase\training\training\2nd_manual\Image_10R_2ndHO.png,C:\Users\abhi8\OneDrive\Desktop\ACADEMIC DOCS\SEM-5\MIS\new\chase\training\training\mask\mask_10R.png,999,960
Image_11L,Subject_11,L,test,01_test.tif,C:\Users\abhi8\OneDrive\Desktop\ACADEMIC DOCS\SEM-5\MIS\new\chase\test\test\images\01_test.tif,C:\Users\abhi8\OneDrive\Desktop\ACADEMIC DOCS\SEM-5\MIS\new\chase\test\test\1st_manual\01_manual1.tif,C:\Users\abhi8\OneDrive\Desktop\ACADEMIC DOCS\SEM-5\MIS\new\chase\test\test\2nd_manual\Image_11L_2ndHO.png,C:\Users\abhi8\OneDrive\Desktop\ACADEMIC DOCS\SEM-5\MIS\new\chase\test\test\mask\01_test.tif,999,960
Image_11R,Subject_11,R,test,02_test.tif,C:\Users\abhi8\OneDrive\Desktop\ACADEMIC DOCS\SEM-5\MIS\new\chase\test\test\images\02_test.tif,C:\Users\abhi8\OneDrive\Desktop\ACADEMIC DOCS\SEM-5\MIS\new\chase\test\test\1st_manual\02_manual1.tif,C:\Users\abhi8\OneDrive\Desktop\ACADEMIC DOCS\SEM-5\MIS\new\chase\test\test\2nd_manual\Image_11R_2ndHO.png,C:\Users\abhi8\OneDrive\Desktop\ACADEMIC DOCS\SEM-5\MIS\new\chase\test\test\mask\02_test.tif,999,960
Image_12L,Subject_12,L,test,03_test.tif,C:\Users\abhi8\OneDrive\Desktop\ACADEMIC DOCS\SEM-5\MIS\new\chase\test\test\images\03_test.tif,C:\Users\abhi8\OneDrive\Desktop\ACADEMIC DOCS\SEM-5\MIS\new\chase\test\test\1st_manual\03_manual1.tif,C:\Users\abhi8\OneDrive\Desktop\ACADEMIC DOCS\SEM-5\MIS\new\chase\test\test\2nd_manual\Image_12L_2ndHO.png,C:\Users\abhi8\OneDrive\Desktop\ACADEMIC DOCS\SEM-5\MIS\new\chase\test\test\mask\03_test.tif,999,960
Image_12R,Subject_12,R,test,04_test.tif,C:\Users\abhi8\OneDrive\Desktop\ACADEMIC DOCS\SEM-5\MIS\new\chase\test\test\images\04_test.tif,C:\Users\abhi8\OneDrive\Desktop\ACADEMIC DOCS\SEM-5\MIS\new\chase\test\test\1st_manual\04_manual1.tif,C:\Users\abhi8\OneDrive\Desktop\ACADEMIC DOCS\SEM-5\MIS\new\chase\test\test\2nd_manual\Image_12R_2ndHO.png,C:\Users\abhi8\OneDrive\Desktop\ACADEMIC DOCS\SEM-5\MIS\new\chase\test\test\mask\04_test.tif,999,960
Image_13L,Subject_13,L,test,05_test.tif,C:\Users\abhi8\OneDrive\Desktop\ACADEMIC DOCS\SEM-5\MIS\new\chase\test\test\images\05_test.tif,C:\Users\abhi8\OneDrive\Desktop\ACADEMIC DOCS\SEM-5\MIS\new\chase\test\test\1st_manual\05_manual1.tif,C:\Users\abhi8\OneDrive\Desktop\ACADEMIC DOCS\SEM-5\MIS\new\chase\test\test\2nd_manual\Image_13L_2ndHO.png,C:\Users\abhi8\OneDrive\Desktop\ACADEMIC DOCS\SEM-5\MIS\new\chase\test\test\mask\05_test.tif,999,960
Image_13R,Subject_13,R,test,06_test.tif,C:\Users\abhi8\OneDrive\Desktop\ACADEMIC DOCS\SEM-5\MIS\new\chase\test\test\images\06_test.tif,C:\Users\abhi8\OneDrive\Desktop\ACADEMIC DOCS\SEM-5\MIS\new\chase\test\test\1st_manual\06_manual1.tif,C:\Users\abhi8\OneDrive\Desktop\ACADEMIC DOCS\SEM-5\MIS\new\chase\test\test\2nd_manual\Image_13R_2ndHO.png,C:\Users\abhi8\OneDrive\Desktop\ACADEMIC DOCS\SEM-5\MIS\new\chase\test\test\mask\06_test.tif,999,960
Image_14L,Subject_14,L,test,07_test.tif,C:\Users\abhi8\OneDrive\Desktop\ACADEMIC DOCS\SEM-5\MIS\new\chase\test\test\images\07_test.tif,C:\Users\abhi8\OneDrive\Desktop\ACADEMIC DOCS\SEM-5\MIS\new\chase\test\test\1st_manual\07_manual1.tif,C:\Users\abhi8\OneDrive\Desktop\ACADEMIC DOCS\SEM-5\MIS\new\chase\test\test\2nd_manual\Image_14L_2ndHO.png,C:\Users\abhi8\OneDrive\Desktop\ACADEMIC DOCS\SEM-5\MIS\new\chase\test\test\mask\07_test.tif,999,960
Image_14R,Subject_14,R,test,08_test.tif,C:\Users\abhi8\OneDrive\Desktop\ACADEMIC DOCS\SEM-5\MIS\new\chase\test\test\images\08_test.tif,C:\Users\abhi8\OneDrive\Desktop\ACADEMIC DOCS\SEM-5\MIS\new\chase\test\test\1st_manual\08_manual1.tif,C:\Users\abhi8\OneDrive\Desktop\ACADEMIC DOCS\SEM-5\MIS\new\chase\test\test\2nd_manual\Image_14R_2ndHO.png,C:\Users\abhi8\OneDrive\Desktop\ACADEMIC DOCS\SEM-5\MIS\new\chase\test\test\mask\08_test.tif,999,960
