image_id,patient_id,eye,split,nodes,edges,branches,connected_components,density,total_length,mean_length,mean_angle,mean_tortuosity,fractal_dimension,global_efficiency
Image_01L,Subject_01,L,train,1771,877,136,901,0.0005595485330194247,14960.939961591615,17.05922458562328,120.12751548654822,1.0784841192103625,1.6866825538174677,0.00011967300430832277
Image_01R,Subject_01,R,train,1707,861,134,852,0.0005913173190043617,14015.247393967444,16.277871537708993,118.76529962634635,1.0909068552114745,1.6922185851642795,0.0001514798121539499
Image_02L,Subject_02,L,train,2297,1167,185,1141,0.0004425557347183647,17422.901648561605,14.929650084457245,120.45214190724154,1.060831861393202,1.7315024614614565,0.00010646647430842991
Image_02R,Subject_02,R,train,2384,1243,217,1156,0.00043759346827500163,17824.210306426707,14.339670399377882,118.60179321274164,1.0617380917759542,1.7495635587067588,0.00012351392930215068
Image_03L,Subject_03,L,train,1425,706,101,726,0.0006958407254090282,14530.379428323407,20.581273977795195,121.68911983119294,1.0954861391014306,1.6742267507674289,0.0001420694875448645
Image_03R,Subject_03,R,train,1535,753,118,786,0.0006395746361516802,14246.21499812309,18.919276225927078,121.17396407369738,1.097494562307833,1.675653837636338,0.0001291413695291631
Image_04L,Subject_04,L,train,1401,681,91,724,0.0006944019577852554,13254.404681492824,19.46314931203058,122.47376287203153,1.0883712192343291,1.6524358080350459,0.00012062531565627892
Image_04R,Subject_04,R,train,2511,1242,206,1285,0.0003941224349912179,17639.220407694473,14.202270859657386,118.11024811809568,1.0751613425283264,1.740525680992458,0.00010252806575810598
Image_05L,Subject_05,L,train,1629,786,116,848,0.0005927574988348469,15502.746094139777,19.723595539618035,120.03910461116647,1.0861491562643693,1.6849044249245457,0.00010896836373147627
Image_05R,Subject_05,R,train,1182,616,97,573,0.0008825581578604269,13279.686860699232,21.55793321542083,121.25899690619273,1.068669153535744,1.6459177702087078,0.00015091282513603243
Image_06L,Subject_06,L,train,1181,597,94,587,0.0008567861192037773,11414.273513688637,19.11938612008147,120.13879573522257,1.0803691775413236,1.6485080184615257,0.00018979990544281989
Image_06R,Subject_06,R,train,2049,1042,172,1018,0.0004966218277208394,16181.077046581466,15.528864728005246,119.64813304588655,1.068913833424483,1.712871661192191,0.00015046574101931827
Image_07L,Subject_07,L,train,1944,1003,156,955,0.0005310823490042338,17246.620335906973,17.195035230216323,119.69696478636777,1.09731537239694,1.707391033268182,0.00011268857793716571
Image_07R,Subject_07,R,train,1887,940,149,958,0.0005282557836983637,15493.52365598819,16.48247197445552,122.6624470276749,1.070736135313917,1.6961971755644893,0.00012029231364579305
Image_08L,Subject_08,L,train,964,502,68,464,0.001081509632329813,11701.589314228677,23.309938872965493,126.0776114993418,1.0773731346844886,1.6315724702557022,0.0001764230424329155
Image_08R,Subject_08,R,train,1100,555,69,548,0.0009181900901646125,12390.429068110463,22.325097420018853,126.02959198502693,1.0656659534726547,1.6430709678846471,0.00014648494441980349
Image_09L,Subject_09,L,train,674,366,50,308,0.0016137494984590015,9868.267237565477,26.962478791162503,118.9242231076207,1.0785008380558552,1.588198085234067,0.0002724416940279264
Image_09R,Subject_09,R,train,484,262,36,223,0.00224150026521568,8069.768537393144,30.800643272492913,119.64521028369911,1.0988486127302068,1.5471335238308404,0.00035066578901161093
Image_10L,Subject_10,L,train,1395,755,127,646,0.0007764973285406478,12953.46355599587,17.15690537217996,121.43026393614838,1.0688999631065865,1.6532731284037732,0.00018063014091123194
Image_10R,Subject_10,R,train,1746,899,141,859,0.000590133157409322,15279.520697395361,16.99612980800374,118.37930529105705,1.0655358166828424,1.704232880968838,0.0001337929163069937
Image_11L,Subject_11,L,test,1117,574,84,545,0.0009209255462179481,12101.218823267698,21.082262758306094,120.2612160911636,1.0823531736171303,1.6387357352663476,0.00015839950594635725
Image_11R,Subject_11,R,test,689,351,41,340,0.0014809126810004388,9254.353457278994,26.36567936546722,120.38227898621196,1.0840814954383,1.5696550030930416,0.00021830868683076564
Image_12L,Subject_12,L,test,1549,731,82,821,0.0006097123592281758,14365.847465754941,19.652322114575842,122.36055959609511,1.1021511574002703,1.6840999369901866,9.38284194093904e-05
Image_12R,Subject_12,R,test,1703,849,147,859,0.0005858190391877747,15272.383612405514,17.988673277273868,122.23171804269055,1.083844629112088,1.6964388292231365,0.0001524646963081476
Image_13L,Subject_13,L,test,1073,538,81,542,0.000935443935958604,11275.45727987271,20.95809903322065,122.04791714130799,1.0763243390777244,1.6180011776739476,0.00019525140964369577
Image_13R,Subject_13,R,test,1209,585,74,628,0.0008011108737449263,11057.344581500502,18.901443729060688,121.96952086778033,1.0696917281641278,1.6256984457626775,0.0001441490214649587
Image_14L,Subject_14,L,test,1505,738,100,773,0.0006520817134374779,14000.075821092189,18.97029244050432,123.4286959140289,1.1000515101355213,1.662348105015557,0.0001069841869888827
Image_14R,Subject_14,R,test,1838,888,128,956,0.0005260030932299018,13387.098115668776,15.07556094106844,120.86352291414599,1.066556204184956,1.6956364381892886,0.0001278972047772267
