image_id,split,obs1_accuracy,obs1_precision,obs1_recall,obs1_specificity,obs1_f1,obs2_accuracy,obs2_precision,obs2_recall,obs2_specificity,obs2_f1
Image_01L,train,0.8756551610429332,0.43770440679050354,0.821608153340438,0.8817122363635752,0.5711393989983305,0.8696152001899873,0.4073742373477694,0.8082659051245439,0.8760807735588153,0.5417173967366166
Image_01R,train,0.877303083799722,0.46212844371767947,0.7675043769558444,0.8907334461988817,0.5768967732576212,0.8697532208992225,0.39095897005968144,0.7795948093220338,0.8787541786538744,0.520761350883691
Image_02L,train,0.8405833873255071,0.40459505796549283,0.7672528351546272,0.8503054954979611,0.5298071654795472,0.8310611312228812,0.3201572960322212,0.7977013832384052,0.8343239806280787,0.45692702062376195
Image_02R,train,0.8231853038697284,0.36370140106741966,0.770263203765034,0.8298667596578512,0.4940997368104175,0.8179276676716999,0.30717121132503117,0.8056657976453396,0.8191480043695474,0.4447683479089892
Image_03L,train,0.8957862001649504,0.5250175767518163,0.8381144529214489,0.9031524228533591,0.6456085097185555,0.8815611262021322,0.4137818474003147,0.8573435305135009,0.8838764337419712,0.5581718311608398
Image_03R,train,0.8869078278524201,0.4863124957253266,0.7888583790980196,0.8988142651930167,0.6016945566862003,0.8762908891047984,0.3917567197866083,0.8030950962178836,0.8831502860268141,0.5266224587130658
Image_04L,train,0.8960040050973966,0.5295244972780803,0.763332799487508,0.9130191430801462,0.6252869793374877,0.8884155591965532,0.4606988112431952,0.764824321416495,0.9019505199478873,0.5750257115453505
Image_04R,train,0.83465330678278,0.3826163883666925,0.8019195899057928,0.8387329172705693,0.5180553109036463,0.8227826107976951,0.29419570548555596,0.8372269529803776,0.8214989586452188,0.4353962195127822
Image_05L,train,0.8794599471917466,0.48282788186725945,0.8062920931219176,0.8888744837609666,0.6039783899735833,0.8709190359093101,0.39412511908542397,0.845248837961623,0.873419737073441,0.5375839907305636
Image_05R,train,0.9064949379798727,0.5905881691091671,0.775236923076923,0.9248496217955889,0.6704310202604535,0.8947069615044883,0.4799677458674393,0.7819923313117734,0.9070697559079394,0.5948383048444637
Image_06L,train,0.9028994032100589,0.5407353159693477,0.7054319380789521,0.9269690228893742,0.6122002655627586,0.9036952234238924,0.4641363646012439,0.7637360718152922,0.9168873926892908,0.5773851963347328
Image_06R,train,0.8599097538728234,0.42199681694500063,0.8065320998037566,0.8663667610018635,0.554083789548696,0.8534067686108057,0.3809984818147814,0.8059076312074341,0.8585385721612679,0.5173948985588079
Image_07L,train,0.8627696268396267,0.43954170660150277,0.8085298234280792,0.8696286311891256,0.5694907220892481,0.8554330270877053,0.40031899093509704,0.7994973552704637,0.8618836664987218,0.5335049410342289
Image_07R,train,0.8717621055649012,0.452793642530126,0.8139019624033248,0.8788865184893985,0.5818756026052222,0.8664936671620286,0.4352156670596702,0.7943297096386552,0.8752285416127553,0.5623293633521941
Image_08L,train,0.8968394622954377,0.48595531754318855,0.7587203202427647,0.9119861789164752,0.5924502142677085,0.8976179120000893,0.5647337351515089,0.712143928035982,0.9234762315015759,0.6299298860648553
Image_08R,train,0.8906153218255588,0.4629855270587536,0.7678166584524396,0.9038701955047214,0.577652533417379,0.8910266567434119,0.4830851833140163,0.7540628720755825,0.9068402710828316,0.5888973420763444
Image_09L,train,0.9124302937038603,0.4422019625582852,0.7873768561928168,0.922223102762867,0.566339604703156,0.9170933786892966,0.50316653907718,0.7771129662140375,0.9298842371305475,0.6108310569151483
Image_09R,train,0.9345087819721025,0.5389299429323297,0.7253016513610344,0.9510217879582769,0.6183784353138414,0.9364986593558883,0.5801318829271278,0.7204499249491745,0.9551019339723736,0.6427215404434199
Image_10L,train,0.8802907339976398,0.420517740868739,0.7675814459634088,0.8918181944656993,0.5433580279604967,0.881634913322521,0.5082765880150162,0.7104502486914404,0.9052369480218727,0.5925942015606589
Image_10R,train,0.8578573547844094,0.368867495451789,0.8205625442649489,0.8615354680343654,0.508947715221052,0.8622487905008144,0.40745148574893875,0.8073023835628783,0.8684074522366979,0.5415690601054906
Image_11L,test,0.8878239181379087,0.386877127824203,0.7836529984522853,0.896504884802257,0.5180172888270147,0.8897363443874283,0.4182431909625503,0.7686277995023107,0.9009558781152488,0.5417157317164834
Image_11R,test,0.9169976039736618,0.4748609764807918,0.729033268714876,0.9326903113479758,0.5751160473612259,0.9220582288718157,0.5455461456048161,0.7274443442915696,0.9410048595531199,0.623499486162839
Image_12L,test,0.8724900307682133,0.43383810618554985,0.7554317871957764,0.8860234995832991,0.5511534391534392,0.8763785196686592,0.4732287137454812,0.7493438147117402,0.8927173101716768,0.5801062944488975
Image_12R,test,0.8723559379462232,0.44622633519905763,0.8230824942840508,0.8782299254935355,0.5787103602524163,0.8758939591955275,0.48750837266239117,0.8035455952894597,0.8856847477769267,0.6068455932032834
Image_13L,test,0.9030921312771847,0.4828989001054693,0.7723955105694416,0.9163157179731015,0.5942652804450036,0.9049110320284698,0.4987623495985708,0.7738186675571882,0.9186281361380949,0.6065651013035966
Image_13R,test,0.8997003856703989,0.4780167491435097,0.7630388549437936,0.9138331296910456,0.5877985671377862,0.8973591543725659,0.4855242566510172,0.7388568853988994,0.914640350877193,0.585982465319874
Image_14L,test,0.8957178377104601,0.4866899162314675,0.8415988605542676,0.9017105561194957,0.6167298649241344,0.8954142132501111,0.4946549367354807,0.8299811808986121,0.9029068025172311,0.6198748215658284
Image_14R,test,0.8753606134508256,0.38217102010011017,0.7854302982759543,0.8836043604033537,0.5141629999649864,0.8759160367627354,0.4116748935136589,0.7590371081253998,0.8879854122380619,0.53382304140208
